{
  "1": 125.16616821289062,
  "3": -30.142610549926758,
  "7": 151.13897705078125,
  "9": 138.28350830078125
}