{
  "1": 125.16616821289062,
  "3": -111.57270050048828,
  "7": 463.47454833984375,
  "9": 293.2871398925781
}